{"Train Loss": 2.4460662276062193, "Train obj Loss": 0.05946570005620836, "Train bbox Loss": 0.08765778451775894, "Train class Loss": 1.9376724648615744, "Val Loss": 3.1965140432119368, "Val obj Loss": 0.07038937311881455, "Val bbox Loss": 0.08836983169894666, "Val class Loss": 2.658195200562477, "_timestamp": 1696569713.6731927, "_runtime": 601.2855508327484, "_step": 99, "_wandb": {"runtime": 569}}