{"Train Loss": 0.5460265952932536, "Train obj Loss": 0.24860651383456478, "Train bbox Loss": 0.023799006438682574, "Train class Loss": 0.10737388470084969, "Val Loss": 1.118232636998097, "Val obj Loss": 0.18528554059099406, "Val bbox Loss": 0.04743898279033601, "Val class Loss": 0.6086374737725904, "_timestamp": 1696616242.2994843, "_runtime": 8062.820227146149, "_step": 99, "_wandb": {"runtime": 7982}}