{"Train Loss": 0.28684364905640414, "Train obj Loss": 0.16125042477971344, "Train bbox Loss": 0.0043673674846025495, "Train class Loss": 0.006708866093538792, "Val Loss": 0.3034798146876614, "Val obj Loss": 0.15057670404162027, "Val bbox Loss": 0.007238096637915061, "Val class Loss": 0.004530505739271938, "_timestamp": 1697734997.4157486, "_runtime": 28156.830234527588, "_step": 99, "_wandb": {"runtime": 28139}}