{"Train Loss": 0.2485680287781777, "Train obj Loss": 0.15668179026801324, "Train bbox Loss": 0.00459814070327342, "Train class Loss": 0.008106172975407694, "Val Loss": 0.25612546702226, "Val obj Loss": 0.10881958603858947, "Val bbox Loss": 0.014336349364990989, "Val class Loss": 0.016024748768864408, "_timestamp": 1698167235.4279926, "_runtime": 3039.7840206623077, "_step": 99, "_wandb": {"runtime": 2983}}