{"Train Loss": 5.048497532168005, "Train obj Loss": 0.06710280225236905, "Train bbox Loss": 0.824415173731808, "Train class Loss": 0.4257752551840475, "Val Loss": 12.17262898683548, "Val obj Loss": 0.11380098701617954, "Val bbox Loss": 1.5061728924512863, "Val class Loss": 3.277848295867443, "_timestamp": 1696336962.5259442, "_runtime": 379.3772163391113, "_step": 15, "_wandb": {"runtime": 57}}