{"Train Loss": 1.8001553383138444, "Train obj Loss": 0.08772839445407596, "Train bbox Loss": 0.3080665446443754, "Train class Loss": 0.06388662069534454, "Val Loss": 5.462311279773712, "Val obj Loss": 0.0778874037263904, "Val bbox Loss": 0.4082910194993019, "Val class Loss": 2.7885683603584765, "_timestamp": 1696337526.1095772, "_runtime": 390.9274561405182, "_step": 99, "_wandb": {"runtime": 389}}