{"Train Loss": 0.25024309311594284, "Train obj Loss": 0.15010090956375713, "Train bbox Loss": 0.00557679739204191, "Train class Loss": 0.00840579406446999, "Val Loss": 0.26845694879690807, "Val obj Loss": 0.15235586969388856, "Val bbox Loss": 0.007633468577276087, "Val class Loss": 0.004893942626141425, "_timestamp": 1697309366.5995064, "_runtime": 9607.943810462952, "_step": 99, "_wandb": {"runtime": 9587}}