{"Train Loss": 2.2038570506195736, "Train obj Loss": 0.06968218695338016, "Train bbox Loss": 0.12410699310672717, "Train class Loss": 1.42628265787245, "Val Loss": 3.514079311490059, "Val obj Loss": 0.03274616280768896, "Val bbox Loss": 0.16305679474025964, "Val class Loss": 2.587555554509163, "_timestamp": 1696418406.4170153, "_runtime": 738.759238243103, "_step": 99, "_wandb": {"runtime": 689}}